ID_Produto,Nome_Produto,Categoria
P001,Tempore Culpa,Eletrônicos
P002,Alias Harum,Informática
P003,Exercitationem Et,Informática
P004,Deserunt Corporis,Eletrônicos
P005,Veritatis Quisquam,Escritório
P006,Commodi Rerum,Informática
P007,Nisi Aliquid,Informática
P008,Aliquam Consectetur,Informática
P009,Esse Eveniet,Eletrônicos
P010,Quae Sed,Informática
P011,Alias Ratione,Eletrônicos
P012,Eius Totam,Eletrônicos
P013,Voluptates Quisquam,Eletrônicos
P014,Nihil Est,Informática
P015,Occaecati Repudiandae,Eletrônicos
P016,Hic Ab,Escritório
P017,Dolore Voluptatem,Informática
P018,Nisi Laboriosam,Informática
P019,Hic Dolor,Informática
P020,Esse Labore,Informática
P021,Corporis Consectetur,Informática
P022,Modi Consequatur,Eletrônicos
P023,Magnam Laborum,Eletrônicos
P024,Sed Fuga,Informática
P025,Aperiam Officia,Eletrônicos
P026,Quidem Cupiditate,Informática
P027,Minus Beatae,Eletrônicos
P028,Quod Impedit,Eletrônicos
P029,Sunt Sit,Eletrônicos
P030,Magni Repellat,Eletrônicos
P031,Earum Voluptatibus,Escritório
P032,Atque Aperiam,Informática
P033,Ut Eum,Escritório
P034,Illum Beatae,Eletrônicos
P035,Eveniet Consequuntur,Escritório
P036,Modi Hic,Informática
P037,Odit Tempora,Informática
P038,Maiores Dolorem,Eletrônicos
P039,Maxime Libero,Escritório
P040,Eos Velit,Escritório
P041,Fugiat Voluptates,Escritório
P042,Vero Tenetur,Informática
P043,Aut Sequi,Informática
P044,Tempora Dolores,Escritório
P045,Quibusdam Exercitationem,Informática
P046,Dolorem Officiis,Informática
P047,Modi Fugit,Escritório
P048,Tempore Voluptas,Informática
P049,Quos Est,Escritório
P050,Vitae Itaque,Escritório
